{
  "preset_name": "오타 많은 초보",
  "preset_description": "느리고 오타 많음. Fatigue 강하게.",
  "timing": {
    "base_delay_ms": 140,
    "delay_variance_ms": 60,
    "word_boundary_enabled": true,
    "intra_word_speed_factor": 0.9,
    "inter_word_pause_ms": 250,
    "punctuation_pause_enabled": true,
    "punctuation_pause_ms": 400,
    "newline_pause_enabled": true,
    "newline_pause_ms": 900,
    "shift_penalty_enabled": true,
    "shift_penalty_ms": 50,
    "double_letter_enabled": false,
    "double_letter_speed_factor": 0.6,
    "burst_enabled": false,
    "burst_pause_ms": 40,
    "fatigue_enabled": true,
    "fatigue_factor": 0.15
  },
  "typo": {
    "typo_prob": 300,
    "typo_revision_prob": 70,
    "adjacent_key_enabled": true,
    "transposition_enabled": true,
    "double_strike_enabled": true
  },
  "control": {
    "precise_mode": false,
    "countdown_seconds": 5,
    "focus_monitor_enabled": true
  },
  "preprocessing": {
    "crlf_normalize": true,
    "trim": true,
    "normalize_spaces": false,
    "newline_mode": "enter",
    "max_length_enabled": false,
    "max_length": 10000
  }
}
